location_coordinates,address,type
"41.942691844, -87.651770507","860-862, West Buckingham Place, Northalsted, Lake View, Chicago, Lake View Township, Cook County, Illinois, 60657, United States",yes
"41.912431869, -87.670189148","1707-1709, North Paulina Street, Wicker Park, West Town, Chicago, West Chicago Township, Cook County, Illinois, 60622, United States",yes
"41.892042136, -87.63186395","Best Western Plus River North, 125, West Ohio Street, Streeterville, River North, Chicago, Cook County, Illinois, 60654, United States",hotel
"41.941555829, -87.666288887","1501, West School Street, Lake View, Chicago, Lake View Township, Cook County, Illinois, 60657, United States",yes
"41.892493167, -87.664745836","1462, West Ohio Street, West Town, Chicago, West Chicago Township, Cook County, Illinois, 60642, United States",yes
"41.89830587, -87.653613982","1048, West Chestnut Street, West Town, Chicago, West Chicago Township, Cook County, Illinois, 60622, United States",yes
"41.975170943, -87.687515515","5139, North Claremont Avenue, Bowmanville, Lincoln Square, Chicago, Lake View Township, Cook County, Illinois, 60625, United States",yes
"41.901206994, -87.676355989","1939, West Thomas Street, Ukrainian Village, West Town, Chicago, West Chicago Township, Cook County, Illinois, 60622, United States",apartments
"41.944226601, -87.655998182","1041-1043, West Newport Avenue, Wrigleyville, Lake View, Chicago, Lake View Township, Cook County, Illinois, 60657, United States",yes
"41.892072635, -87.628874157","Grand Plaza, 2-6, West Grand Avenue, Streeterville, River North, Chicago, Cook County, Illinois, 60654, United States",apartments
"41.942577185, -87.647078509","701, West Buckingham Place, Northalsted, Lake View, Chicago, Lake View Township, Cook County, Illinois, 60657, United States",church
"41.899589796, -87.674719134","1000, North Wolcott Avenue, West Town, Chicago, West Chicago Township, Cook County, Illinois, 60622, United States",apartments
"41.906025969, -87.675311622","1935, West Evergreen Avenue, Wicker Park, West Town, Chicago, West Chicago Township, Cook County, Illinois, 60622, United States",yes
"41.9416281, -87.661443368","1242, West School Street, Northalsted, Lake View, Chicago, Lake View Township, Cook County, Illinois, 60657, United States",yes
"41.921778356, -87.641459759","2156, North Cleveland Avenue, Mid-North District, Lincoln Park, Chicago, Cook County, Illinois, 60614, United States",yes
"41.885300022, -87.642808466","156, North Jefferson Street, Fulton River District, Near West Side, Chicago, West Chicago Township, Cook County, Illinois, 60661, United States",yes
"41.891971508, -87.612945414","East Grand Avenue, Near North Side, Chicago, Cook County, Illinois, 60611, United States",secondary
"41.880994471, -87.632746489","Northern Trust Bank, 50, West Arcade Place, Loop, Chicago, Cook County, Illinois, 60603, United States",office
"41.928967266, -87.656156831","2546-2552, North Seminary Avenue, Lincoln Park, Chicago, Lake View Township, Cook County, Illinois, 60614, United States",yes
"41.921647132, -87.689951469","2514, West Palmer Street, Bucktown, Logan Square, Chicago, West Chicago Township, Cook County, Illinois, 60647, United States",yes
"41.878865584, -87.625192142","Symphony Center, 220, South Michigan Avenue, Printer's Row, Loop, Chicago, Cook County, Illinois, 60604, United States",theatre
"41.899602111, -87.633308037","Moody Bible Institute, 820, North Wells Street, River North, Chicago, Cook County, Illinois, 60610, United States",college
"41.994442248, -87.665224776","6151-6153, North Glenwood Avenue, Edgewater Glen, Edgewater, Chicago, Lake View Township, Cook County, Illinois, 60660, United States",yes
"41.906650766, -87.66533766","1352, North Greenview Avenue, West Town, Chicago, West Chicago Township, Cook County, Illinois, 60622, United States",yes
"41.952822916, -87.653243992","920-926, West Sheridan Road, Pine Grove, Lake View, Chicago, Lake View Township, Cook County, Illinois, 60613, United States",yes
"41.936237179, -87.656411531","1056, West Wellington Avenue, Lake View, Chicago, Lake View Township, Cook County, Illinois, 60618, United States",yes
"41.879255084, -87.642648998","Taco Lul√∫, 601, West Adams Street, West Loop Gate, Near West Side, Chicago, West Chicago Township, Cook County, Illinois, 60661, United States",restaurant
"41.936159071, -87.661265218","Wellington's Tavern, 1300, West Wellington Avenue, Lake View, Chicago, Lake View Township, Cook County, Illinois, 60618, United States",pub
"41.88528132, -87.6572332","Twelve01West, 1201, West Lake Street, Fulton Market District, Near West Side, Chicago, West Chicago Township, Cook County, Illinois, 60607, United States",apartments
"41.900221297, -87.629105186","Ogden International School, 24, West Walton Street, Magnificent Mile, Near North Side, Chicago, Cook County, Illinois, 60610, United States",school
"41.92276062, -87.699155343","2844, West Lyndale Street, Maplewood, Logan Square, Chicago, West Chicago Township, Cook County, Illinois, 60647, United States",yes
"41.949829346, -87.64396537","North Jean Baptiste Point DuSable Lake Shore Drive, Pine Grove, Lake View, Chicago, Lake View Township, Cook County, Illinois, 60613, United States",motorway
"41.950673358, -87.666536281","1458, West Grace Street, Wrigleyville, Lake View, Chicago, Lake View Township, Cook County, Illinois, 60618, United States",yes
"41.890922026, -87.618868355","465, North Park Drive, Streeterville, Near North Side, Chicago, Cook County, Illinois, 60611, United States",apartments
"41.908378669, -87.670945075","1718, West Julian Street, Wicker Park, West Town, Chicago, West Chicago Township, Cook County, Illinois, 60622, United States",apartments
"41.921778188, -87.651061884","858, West Webster Avenue, Lincoln Park, Chicago, Cook County, Illinois, 60614, United States",yes
"41.904935302, -87.649907226","West Scott Street, Near North Side, Chicago, Cook County, Illinois, 60610, United States",parking
"nan, nan",Error,Error
"41.946294536, -87.654298084","AT&T Lakeview Central Office, 3532, North Sheffield Avenue, Wrigleyville, Lake View, Chicago, Lake View Township, Cook County, Illinois, 60657, United States",office
"41.942872538, -87.701330291","2925, West Roscoe Street, Avondale, Chicago, Jefferson Township, Cook County, Illinois, 60618, United States",yes
"41.794090253, -87.592310855","5534-5536, South Dorchester Avenue, Hyde Park, Chicago, Hyde Park Township, Cook County, Illinois, 60637, United States",residential
"41.966774943, -87.710848208","4705, North Spaulding Avenue, Albany Park, Chicago, Jefferson Township, Cook County, Illinois, 60659, United States",detached
"41.89321636, -87.63784421","350-372, West Ontario Street, Near North Side, Chicago, Cook County, Illinois, 60654, United States",commercial
"41.950442599, -87.68350623","3805-3807, North Leavitt Street, Roscoe Village, North Center, Chicago, Lake View Township, Cook County, Illinois, 60625, United States",yes
"41.859349715, -87.617358006","South DuSable Lake Shore Drive, Near South Side, Chicago, Cook County, Illinois, 60605, United States",bridge
"41.936310131, -87.651562592","2943, North Mildred Avenue, Lake View, Chicago, Lake View Township, Cook County, Illinois, 60657, United States",apartments
"41.972667956, -87.663865496","West Argyle Apartments, 1338-1354, West Argyle Street, Winnemac, Andersonville, Chicago, Lake View Township, Cook County, Illinois, 60640, United States",apartments
"41.89503345, -87.619710672","Northwestern University Chicago Campus, North Saint Clair Street, Magnificent Mile, Near North Side, Chicago, Cook County, Illinois, 60611, United States",university
"41.944813754, -87.69077501","Lane Technical College Prep High School, 2501, West Addison Street, North Center, Chicago, Jefferson Township, Cook County, Illinois, 60618, United States",school
"41.900069603, -87.720918238","1037, North Hamlin Avenue, Humboldt Park, Chicago, West Chicago Township, Cook County, Illinois, 60651, United States",yes
"41.892507781, -87.626214906","Rush-Ohio-Wabash Self Park, 50, East Ohio Street, Magnificent Mile, River North, Chicago, Cook County, Illinois, 60611, United States",parking
"41.938391258, -87.63857492","3130, North Lake Shore Drive, Lake View, Chicago, Lake View Township, Cook County, Illinois, 60657, United States",apartments
"41.926811182, -87.642605247","530, West Arlington Place, Lincoln Park, Chicago, Lake View Township, Cook County, Illinois, 60614, United States",yes
"41.94258518, -87.656644092","3331, North Seminary Avenue, Wrigleyville, Lake View, Chicago, Lake View Township, Cook County, Illinois, 60657, United States",yes
"41.90749193, -87.63576009","211-233, West Schiller Street, Gold Coast, Near North Side, Chicago, Cook County, Illinois, 60610, United States",apartments
"41.949139771, -87.656803909","Cubs Highlander Lot, North Seminary Avenue, Wrigleyville, Lake View, Chicago, Lake View Township, Cook County, Illinois, 60613, United States",parking
"41.943155086, -87.640698076","3330, North Lake Shore Drive, Lake View, Chicago, Lake View Township, Cook County, Illinois, 60657, United States",apartments
"41.934539716, -87.643022804","540-548, West Surf Street, Lake View, Chicago, Lake View Township, Cook County, Illinois, 60657, United States",apartments
"41.92926299, -87.635890954","2650, North Cannon Drive, Lincoln Park, Chicago, Lake View Township, Cook County, Illinois, 60614, United States",house
"41.928945904, -87.66089257","1258, West Wrightwood Avenue, Lincoln Park, Chicago, Lake View Township, Cook County, Illinois, 60614, United States",yes
"41.949220914, -87.651970395","3700-3706, North Fremont Street, Northalsted, Lake View, Chicago, Lake View Township, Cook County, Illinois, 60613, United States",yes
"41.922082541, -87.634156093","Lincoln Park Zoo, 2001, North Clark Street, Belgravia Terrace, Lincoln Park, Chicago, Cook County, Illinois, 60614, United States",zoo
"41.943237122, -87.643470956","537-545, West Roscoe Street, Northalsted, Lake View, Chicago, Lake View Township, Cook County, Illinois, 60657, United States",yes
"41.921854911, -87.646210977","658, West Webster Avenue, Mid-North District, Lincoln Park, Chicago, Cook County, Illinois, 60614, United States",yes
"41.929272532, -87.673807238","North Clybourn Avenue, Lincoln Park, Chicago, Lake View Township, Cook County, Illinois, 60657, United States",parking
"41.928763006, -87.665676837","2535-2563, North Greenview Avenue, Lincoln Park, Chicago, Lake View Township, Cook County, Illinois, 60613, United States",yes
"41.867902418, -87.642958665","South Desplaines Street, Near West Side, Chicago, West Chicago Township, Cook County, Illinois, 60607, United States",parking
"41.957735565, -87.683718102","4158, North Leavitt Street, North Center, Chicago, Lake View Township, Cook County, Illinois, 60625, United States",yes
"41.922686284, -87.649488729","2227, North Dayton Street, Lincoln Park, Chicago, Cook County, Illinois, 60614, United States",yes
"41.870607372, -87.622172937","Grant Bark Park, McCormick Place Busway, South Loop, Loop, Chicago, Cook County, Illinois, 60605, United States",dog_park
"41.942859303, -87.717503858","3365, North Central Park Avenue, Avondale, Chicago, Jefferson Township, Cook County, Illinois, 60618, United States",yes
"41.879066994, -87.657005027","Soul City Church, 1150, West Adams Street, West Loop, Near West Side, Chicago, West Chicago Township, Cook County, Illinois, 60607, United States",place_of_worship
"41.934659157, -87.646729729","2864, North Clark Street, Lake View, Chicago, Lake View Township, Cook County, Illinois, 60657, United States",yes
"41.938232293, -87.646782081","658-660, West Barry Avenue, Northalsted, Lake View, Chicago, Lake View Township, Cook County, Illinois, 60657, United States",yes
"41.928391397, -87.704907236","West Logan Boulevard, Logan Square, Chicago, West Chicago Township, Cook County, Illinois, 60647, United States",secondary
"41.884987192, -87.620992913","Upper North Columbus Drive, Loop, Chicago, Cook County, Illinois, 60603, United States",bridge
"42.001571027, -87.695012589","6604, North Rockwell Street, West Ridge, Chicago, Rogers Park Township, Cook County, Illinois, 60645, United States",yes
"41.899155613, -87.626210532","The Bristol, 57, East Delaware Place, Magnificent Mile, Near North Side, Chicago, Cook County, Illinois, 60611, United States",apartments
"41.857183858, -87.620334624","1823, South Prairie Avenue, South Loop, Near South Side, Chicago, Cook County, Illinois, 60605, United States",yes
"41.929077655, -87.646293476","677-685, West Wrightwood Avenue, Lincoln Park, Chicago, Lake View Township, Cook County, Illinois, 60614, United States",yes
"41.899422254, -87.684490122","2312, West Augusta Boulevard, Ukrainian Village, West Town, Chicago, West Chicago Township, Cook County, Illinois, 60622, United States",yes
"41.96581197, -87.655878786","Sonic, 1022, West Wilson Avenue, Uptown, Chicago, Lake View Township, Cook County, Illinois, 60640, United States",fast_food
"41.972709547, -87.657341107","4939, North Winthrop Avenue, Uptown, Chicago, Lake View Township, Cook County, Illinois, 60640, United States",yes
"41.980264315, -87.913624596","O'Hare International Airport, 10000, South Elmhurst Road, Chicago, Elk Grove Township, Cook County, Illinois, 60666, United States",aerodrome
"41.898331794, -87.620762865","850, North Dewitt Place, Streeterville, Near North Side, Chicago, Cook County, Illinois, 60611, United States",apartments
"41.978829526, -87.771166703","5394-5396, North Milwaukee Avenue, Gladstone, Jefferson Park, Chicago, Jefferson Township, Cook County, Illinois, 60630, United States",yes
"41.79259236, -87.769615453","5860, West 55th Street, Garfield Ridge, Chicago, Lake Township, Cook County, Illinois, 60638, United States",yes
"41.97907082, -87.903039661","O'Hare Arrivals Terminal 3, O'Hare, Chicago, Jefferson Township, Cook County, Illinois, 60666, United States",bridge
"41.874005383, -87.66351755","1445, West Harrison Street, Near West Side, Chicago, West Chicago Township, Cook County, Illinois, 60607, United States",terrace
"41.77887686, -87.594925439","6350-6358, South Kimbark Avenue, Woodlawn, Chicago, Hyde Park Township, Cook County, Illinois, 60637, United States",yes
"41.835117986, -87.618677767","Pershing Elementary School, 3200, South Calumet Avenue, Bronzeville, Douglas, Chicago, Cook County, Illinois, 60616, United States",school
"41.947791586, -87.683834942","3632, North Leavitt Street, Roscoe Village, North Center, Chicago, Lake View Township, Cook County, Illinois, 60625, United States",yes
"42.009622881, -87.670166857","7010, North Ashland Boulevard, Rogers Park, Chicago, Rogers Park Township, Cook County, Illinois, 60626, United States",yes
"41.927260956, -87.765501609","West Wrightwood Avenue, Kelvyn Grove, Beat 2515, Chicago, Jefferson Township, Cook County, Illinois, 60639, United States",parking
"41.9867118, -87.663416405","1301, West Early Avenue, Edgewater Glen, Edgewater, Chicago, Lake View Township, Cook County, Illinois, 60660, United States",yes
"41.909495669, -87.630963601","52, West Burton Place, Gold Coast, Near North Side, Chicago, Cook County, Illinois, 60610, United States",yes
"41.877406123, -87.621971652","McCormick Place Busway, Printer's Row, Loop, Chicago, Cook County, Illinois, 60605, United States",monument
"41.785998518, -87.750934289","Chicago Midway International Airport, 5700, South Cicero Avenue, Garfield Ridge, Chicago, Lake Township, Cook County, Illinois, 60638, United States",aerodrome
"41.93057857, -87.642206313","512, West Wrightwood Avenue, Lincoln Park, Chicago, Lake View Township, Cook County, Illinois, 60614, United States",yes
"41.87866742, -87.671653621","Police Pro Counseling Center, 203-207, South Wood Street, Near West Side, Chicago, West Chicago Township, Cook County, Illinois, 60612, United States",yes
"41.861280847, -87.630580061","1501, South Clark Street, South Loop, Near South Side, Chicago, Cook County, Illinois, 60605, United States",yes
"41.972562538, -87.678845966","5001-5003, North Damen Avenue, Lincoln Square, Chicago, Lake View Township, Cook County, Illinois, 60640, United States",yes
"41.921701492, -87.655911848","2150-2156, North Seminary Avenue, Lincoln Park, Chicago, Cook County, Illinois, 60614, United States",yes
"41.849246754, -87.624135298","60, East 24th Street, Near South Side, Chicago, Cook County, Illinois, 60616, United States",yes
"41.7904694, -87.601285122","The University of Chicago, 5801, South Ellis Avenue, Hyde Park, Chicago, Hyde Park Township, Cook County, Illinois, 60637, United States",university
"41.914616286, -87.631717366","1757, North Stockton Drive, Lincoln Park, Chicago, Lake View Township, Cook County, Illinois, 60614, United States",house
"41.907520075, -87.6266589","1360, North Lake Shore Drive, Lincoln Park, Chicago, Cook County, Illinois, 60610, United States",apartments
"41.902788048, -87.62614559","54, East Cedar Street, Gold Coast, Near North Side, Chicago, Cook County, Illinois, 60611, United States",yes
"41.958154876, -87.653021789","7-Eleven, 4150, North Broadway, Buena Park, Uptown, Chicago, Lake View Township, Cook County, Illinois, 60613, United States",convenience
"41.983636307, -87.723583185","Senate Apartments, 5801, North Pulaski Road, Brynford Park, North Park, Chicago, Jefferson Township, Cook County, Illinois, 60646, United States",apartments
"41.914747305, -87.654007029","1836, North Maud Avenue, Lincoln Park, Chicago, Cook County, Illinois, 60614, United States",yes
"41.916005274, -87.675095116","Drummond Elementary School, 1845, West Cortland Street, Logan Square, Chicago, West Chicago Township, Cook County, Illinois, 60622, United States",school
"41.968069, -87.721559063","3715, West Lawrence Avenue, Albany Park, Chicago, Jefferson Township, Cook County, Illinois, 60625, United States",yes
"41.87101588, -87.631406525","AMLI Lofts, 850, South Clark Street, Printer's Row, Loop, Chicago, Cook County, Illinois, 60605, United States",apartments
"41.980157574, -87.652274017","North Jean Baptiste Point DuSable Lake Shore Drive, Edgewater, Chicago, Lake View Township, Cook County, Illinois, 60640, United States",motorway
"41.851017824, -87.635091856","Chinatown Elderly Apartments, 300, West 23rd Street, Chinatown, Armour Square, Chicago, Cook County, Illinois, 60616, United States",social_facility
"41.938666196, -87.711210593","3141, North Christiana Avenue, Avondale, Chicago, Jefferson Township, Cook County, Illinois, 60618, United States",yes
"41.850266366, -87.667569312","SIMS Metal Management, 2301, South Paulina Street, Canalport, Lower West Side, Chicago, West Chicago Township, Cook County, Illinois, 60608, United States",recycling
"41.905857769, -87.630865027","1301, North Sutton Place, Gold Coast, Near North Side, Chicago, Cook County, Illinois, 60610, United States",yes
"41.899737388, -87.664953917","999, North Greenview Avenue, West Town, Chicago, West Chicago Township, Cook County, Illinois, 60642, United States",house
"41.953582125, -87.72345239","3831, West Irving Park Road, Irving Park, Chicago, Jefferson Township, Cook County, Illinois, 60618, United States",house
"41.842076117, -87.633973422","2801-2809, South Princeton Avenue, Chinatown, Armour Square, Chicago, Cook County, Illinois, 60616, United States",church
"41.900560384, -87.69419737","1035, North Washtenaw Avenue, West Town, Chicago, West Chicago Township, Cook County, Illinois, 60647, United States",yes
"41.924347077, -87.734739754","4313-4315, West Fullerton Avenue, Beat 2522, Chicago, Jefferson Township, Cook County, Illinois, 60639, United States",yes
"42.001698194, -87.673574032","1708-1720, West Albion Avenue, Rogers Park, Chicago, Rogers Park Township, Cook County, Illinois, 60626, United States",yes
"41.986808626, -87.694415191","5801-5805, North Rockwell Street, West Ridge, Chicago, Jefferson Township, Cook County, Illinois, 60645, United States",yes
"41.870415, -87.675085621","Sport & Fitness Center (SFC), 801-815, South Damen Avenue, Illinois Medical District, Near West Side, Chicago, West Chicago Township, Cook County, Illinois, 60612, United States",sports_centre
"41.836150155, -87.648787952","3204, South Lituanica Avenue, Bridgeport, Chicago, Cook County, Illinois, 60608, United States",yes
"41.912364354, -87.675062757","1702, North Wolcott Avenue, Wicker Park, West Town, Chicago, West Chicago Township, Cook County, Illinois, 60614, United States",yes
"41.916473316, -87.641183657","500, West Wisconsin Street, Belgravia Terrace, Lincoln Park, Chicago, Cook County, Illinois, 60614, United States",yes
"41.934762456, -87.639853859","2906, North Sheridan Road, Lake View, Chicago, Lake View Township, Cook County, Illinois, 60657, United States",yes
"41.808916283, -87.596183344","4721, South Woodlawn Avenue, Kenwood, Chicago, Hyde Park Township, Cook County, Illinois, 60637, United States",yes
"41.860190019, -87.7172201","1521, South Lawndale Avenue, North Lawndale, Chicago, West Chicago Township, Cook County, Illinois, 60623, United States",yes
"41.914585709, -87.645966207","1825, North Orchard Street, Belgravia Terrace, Lincoln Park, Chicago, Cook County, Illinois, 60614, United States",yes
"41.833517886, -87.681355829","3313, South Bell Avenue, Ducktown, McKinley Park, Chicago, Cook County, Illinois, 60608, United States",yes
"41.892658108, -87.652534484","Kennedy Expressway, West Town, Chicago, West Chicago Township, Cook County, Illinois, 60661, United States",bridge
"41.761577908, -87.572781987","7330, South Merrill Avenue, South Shore, Chicago, Hyde Park Township, Cook County, Illinois, 60649, United States",yes
"41.946489764, -87.647113634","Mumford Hall, 700, West Brompton Avenue, Northalsted, Lake View, Chicago, Lake View Township, Cook County, Illinois, 60657, United States",religious
"41.812948939, -87.617859676","4501-4503, South Calumet Avenue, Forestville, Grand Boulevard, Chicago, Hyde Park Township, Cook County, Illinois, 60615, United States",yes
"41.982775009, -87.8773054","Kennedy Expressway, O'Hare, Chicago, Jefferson Township, Cook County, Illinois, 60666, United States",motorway
"41.863787123, -87.692515928","2632, West 13th Place, North Lawndale, Chicago, West Chicago Township, Cook County, Illinois, 60608, United States",house
"41.954027649, -87.763399032","Nature & Wildlife Garden, West Irving Park Road, Martin Luther, Portage Park, Chicago, Jefferson Township, Cook County, Illinois, 60630, United States",garden
"41.795430631, -87.696435232","2916-2918, West 54th Street, Garfield Manor, Gage Park, Chicago, Lake Township, Cook County, Illinois, 60632, United States",yes
"41.897983898, -87.641491533","836-852, North Mohawk Street, Near North Side, Chicago, Cook County, Illinois, 60610, United States",yes
"41.847431547, -87.663528686","2434-2550, South Laflin Street, Canalport, Lower West Side, Chicago, West Chicago Township, Cook County, Illinois, 60608, United States",yes
"41.985015101, -87.804532006","7116, West Talcott Avenue, Norwood Park, Chicago, Jefferson Township, Cook County, Illinois, 60631, United States",yes
"41.972437081, -87.671109526","Thorek Memorial Hospital Andersonville, 5025, North Paulina Street, Winnemac, Uptown, Chicago, Lake View Township, Cook County, Illinois, 60640, United States",hospital
"41.890608853, -87.756046711","556, North Laramie Avenue, Austin, Chicago, West Chicago Township, Cook County, Illinois, 60651, United States",yes
"41.900265687, -87.63210922","Oak Club, 123-127, West Oak Street, Gold Coast, River North, Chicago, Cook County, Illinois, 60610, United States",residential
"41.921877461, -87.66407824","2201, North Clybourn Avenue, Lincoln Park, Chicago, Cook County, Illinois, 60614, United States",yes
"41.953400044, -87.646007066","628-630, West Sheridan Road, Pine Grove, Lake View, Chicago, Lake View Township, Cook County, Illinois, 60613, United States",yes
"41.907412816, -87.640901525","1360, North Cleveland Avenue, Near North Side, Chicago, Cook County, Illinois, 60614, United States",yes
"41.856333217, -87.659564239","1316, West 19th Street, Pilsen, Lower West Side, Chicago, West Chicago Township, Cook County, Illinois, 60608, United States",yes
"41.950605232, -87.671332488","1656, West Grace Street, Lake View, Chicago, Lake View Township, Cook County, Illinois, 60618, United States",yes
"41.928619051, -87.685362024","Target, 2656, North Elston Avenue, Logan Square, Chicago, West Chicago Township, Cook County, Illinois, 60647, United States",department_store
"41.899506548, -87.679600287","2054-2056, West Augusta Boulevard, Ukrainian Village, West Town, Chicago, West Chicago Township, Cook County, Illinois, 60622, United States",yes
"41.957843375, -87.676373281","1844, West Berteau Avenue, Cuyler, North Center, Chicago, Lake View Township, Cook County, Illinois, 60613, United States",yes
"41.779582888, -87.768510849","6200, South Monitor Avenue, Clearing, Chicago, Lake Township, Cook County, Illinois, 60638, United States",yes
"41.993930128, -87.758353588","6214, North Leroy Avenue, Edgebrook, Forest Glen, Chicago, Jefferson Township, Cook County, Illinois, 60646, United States",yes
"41.958055933, -87.660389456","Greenwood Avenue, Sunnyside, Uptown, Chicago, Lake View Township, Cook County, Illinois, 60613, United States",service
"41.941422478, -87.675953932","1847, West School Street, Hamlin Park, North Center, Chicago, Lake View Township, Cook County, Illinois, 60618, United States",yes
"41.911972301, -87.683642922","1656, North Bell Avenue, Wicker Park, West Town, Chicago, West Chicago Township, Cook County, Illinois, 60647, United States",yes
"41.929046937, -87.651310877","863, West Wrightwood Avenue, Lincoln Park, Chicago, Lake View Township, Cook County, Illinois, 60614, United States",yes
"41.90156691, -87.638404012","West Wendell Street, River North, Chicago, Cook County, Illinois, 60610, United States",parking
"41.763246799, -87.616134111","7219, South Calumet Avenue, Park Manor, Greater Grand Crossing, Chicago, Hyde Park Township, Cook County, Illinois, 60619, United States",yes
"41.962178629, -87.645378762","Axis Communications, West Montrose Avenue, Buena Park, Uptown, Chicago, Lake View Township, Cook County, Illinois, 60613, United States",surveillance
"41.972929317, -87.650290074","North Marine Drive, Uptown, Chicago, Lake View Township, Cook County, Illinois, 60640, United States",pitch
"41.945010151, -87.680928225","3456, North Hoyne Avenue, Hamlin Park, North Center, Chicago, Lake View Township, Cook County, Illinois, 60618, United States",yes
"41.945170453, -87.668794439","West Cornelia Avenue, Lake View, Chicago, Lake View Township, Cook County, Illinois, 60657, United States",residential
"41.906771332, -87.681025231","2129, West Schiller Street, Wicker Park, West Town, Chicago, West Chicago Township, Cook County, Illinois, 60622, United States",yes
"41.972035672, -87.686099898","4951-4953, North Oakley Avenue, West Ravenswood, Lincoln Square, Chicago, Lake View Township, Cook County, Illinois, 60625, United States",yes
"41.920451512, -87.679954768","2113, North Hoyne Avenue, Bucktown, Logan Square, Chicago, West Chicago Township, Cook County, Illinois, 60647, United States",yes
"41.912868922, -87.641070746","525, West Eugenie Street, Belgravia Terrace, Lincoln Park, Chicago, Cook County, Illinois, 60614, United States",apartments
"41.936086535, -87.666110694","1500, West Wellington Avenue, Lake View, Chicago, Lake View Township, Cook County, Illinois, 60618, United States",yes
"41.892355048, -87.674506788","Wolcott School, 524, North Wolcott Avenue, West Town, Chicago, West Chicago Township, Cook County, Illinois, 60622, United States",school
"41.921084583, -87.704648384","West Palmer Boulevard, Logan Square, Chicago, West Chicago Township, Cook County, Illinois, 60647, United States",playground
"41.965445784, -87.66319585","4601-4609, North Beacon Street, Sunnyside, Uptown, Chicago, Lake View Township, Cook County, Illinois, 60640, United States",apartments
"41.892433156, -87.66962393","603, North Paulina Street, West Town, Chicago, West Chicago Township, Cook County, Illinois, 60622, United States",yes
"41.979912445, -87.664188242","1314, West Balmoral Avenue, Edgewater, Chicago, Lake View Township, Cook County, Illinois, 60640, United States",yes
"41.963633169, -87.652365359","901-903, West Sunnyside Avenue, Buena Park, Uptown, Chicago, Lake View Township, Cook County, Illinois, 60613, United States",apartments
"41.941488234, -87.671107656","1655, West School Street, Lake View, Chicago, Lake View Township, Cook County, Illinois, 60657, United States",yes
"41.906638542, -87.689579834","Campbell Coop Garden, 1357-1359, North Campbell Avenue, West Town, Chicago, West Chicago Township, Cook County, Illinois, 60622, United States",garden
"41.91922505, -87.671445766","North Elston Avenue, Logan Square, Chicago, West Chicago Township, Cook County, Illinois, 60614, United States",parking
"41.82371281, -87.602350437","South Lake Park Avenue, Oakland, Chicago, Hyde Park Township, Cook County, Illinois, 60615, United States",playground
"41.963374382, -87.67018455","1619-1623, West Sunnyside Avenue, Ravenswood Place, Uptown, Chicago, Lake View Township, Cook County, Illinois, 60640, United States",apartments
"41.89967018, -87.669837798","Wells Community Academy High School, 936, West Augusta Boulevard, Ukrainian Village, West Town, Chicago, West Chicago Township, Cook County, Illinois, 60622, United States",school
"41.713148612, -87.675075312","9920, South Hoyne Avenue, Beverly, Chicago, Lake Township, Cook County, Illinois, 60643, United States",yes
"41.798041716, -87.594196627","1314-1316, East 54th Street, Hyde Park, Chicago, Hyde Park Township, Cook County, Illinois, 60615, United States",residential
"41.869274453, -87.664047241","929-931, South Laflin Street, University Village/Little Italy, Near West Side, Chicago, West Chicago Township, Cook County, Illinois, 60607, United States",yes
"41.94651142, -87.806020002","3640, North Neva Avenue, Dunning, Chicago, Jefferson Township, Cook County, Illinois, 60634, United States",yes
"42.007612593, -87.813781034","6950, North Olcott Avenue, Edison Park, Chicago, Jefferson Township, Cook County, Illinois, 60631, United States",yes
"41.966834067, -87.684018371","2179-2181, West Leland Avenue, West Ravenswood, Lincoln Square, Chicago, Lake View Township, Cook County, Illinois, 60625, United States",apartments
"41.921273105, -87.68508211","North Oakley Avenue, Bucktown, Logan Square, Chicago, West Chicago Township, Cook County, Illinois, 60647, United States",pitch
"41.892536872, -87.659864318","1304, West Ohio Street, West Town, Chicago, West Chicago Township, Cook County, Illinois, 60642, United States",yes
"41.790506261, -87.583143717","Museum of Science and Industry, 5700, South Lake Shore Drive, Indian Village, Kenwood, Chicago, Hyde Park Township, Cook County, Illinois, 60637, United States",museum
"41.771848515, -87.695666342","6650-6656, South Francisco Avenue, Chicago Lawn, Chicago, Lake Township, Cook County, Illinois, 60629, United States",yes
"41.950545696, -87.676182496","Mangi's, 3801, West Grace Street, Cuyler, North Center, Chicago, Lake View Township, Cook County, Illinois, 60618, United States",restaurant
"41.935988906, -87.670966384","2958, North Paulina Street, Lake View, Chicago, Lake View Township, Cook County, Illinois, 60613, United States",yes
"41.80908443, -87.632424524","West 47th Street, Fuller Park, Chicago, Lake Township, Cook County, Illinois, 60609, United States",secondary
"41.839086906, -87.714003807","2858, South Drake Avenue, Little Village, South Lawndale, Chicago, West Chicago Township, Cook County, Illinois, 60623, United States",yes
"41.775928827, -87.666596265","6458, South Paulina Street, Drexel Estate, West Englewood, Chicago, Lake Township, Cook County, Illinois, 60636, United States",yes
"41.80901825, -87.659166599","1335, West 47th Street, Whiskey Point, New City, Chicago, Lake Township, Cook County, Illinois, 60609, United States",yes
"41.829922304, -87.672502646","3519, South Wolcott Avenue, Ducktown, McKinley Park, Chicago, Cook County, Illinois, 60609, United States",yes
"41.983330806, -87.681993542","North Bowmanville Avenue, Bowmanville, Lincoln Square, Chicago, Lake View Township, Cook County, Illinois, 60625, United States",tertiary
"41.949060526, -87.661642904","3702-3706, North Lakewood Avenue, Wrigleyville, Lake View, Chicago, Lake View Township, Cook County, Illinois, 60613, United States",yes
"41.982272929, -87.841586432","West Bryn Mawr Avenue, O'Hare, Chicago, Jefferson Township, Cook County, Illinois, 60631, United States",parking
"41.945282331, -87.661545096","1257, West Cornelia Avenue, Wrigleyville, Lake View, Chicago, Lake View Township, Cook County, Illinois, 60657, United States",yes
"41.963184966, -87.683854556","2180, West Sunnyside Avenue, West Ravenswood, Lincoln Square, Chicago, Lake View Township, Cook County, Illinois, 60640, United States",detached
"41.945069205, -87.67606274","1846, West Cornelia Avenue, Roscoe Village, North Center, Chicago, Lake View Township, Cook County, Illinois, 60657, United States",yes
"41.988704022, -87.657234828","5848, North Kenmore Avenue, Edgewater Glen, Edgewater, Chicago, Lake View Township, Cook County, Illinois, 60660, United States",yes
"41.863422684, -87.653756619","1071-1081, West 14th Street, University Village/Little Italy, Near West Side, Chicago, West Chicago Township, Cook County, Illinois, 60608, United States",yes
"41.957530922, -87.66661144","1460-1462, West Warner Avenue, Lake View, Chicago, Lake View Township, Cook County, Illinois, 60613, United States",yes
"41.935706471, -87.703854544","2958, North Whipple Street, Maplewood, Avondale, Chicago, West Chicago Township, Cook County, Illinois, 60618, United States",yes
"41.921125914, -87.699754406","2153, North Richmond Street, Logan Square, Chicago, West Chicago Township, Cook County, Illinois, 60647, United States",yes
"41.957903897, -87.671518011","1726, West Berteau Avenue, Lake View, Chicago, Lake View Township, Cook County, Illinois, 60613, United States",school
"41.9725808, -87.694001061","5014, North Rockwell Street, Bowmanville, Lincoln Square, Chicago, Jefferson Township, Cook County, Illinois, 60625, United States",yes
"41.744205146, -87.656305986","8224, South Throop Street, Brainerd, Auburn Gresham, Chicago, Lake Township, Cook County, Illinois, 60643, United States",yes
"41.906707792, -87.684685949","2257-2259, West Hirsch Street, Wicker Park, West Town, Chicago, West Chicago Township, Cook County, Illinois, 60622, United States",yes
"41.91213208, -87.689711275","1701, North Campbell Avenue, West Town, Chicago, West Chicago Township, Cook County, Illinois, 60647, United States",yes
"41.706125752, -87.598255838","1031, East 103rd Street, Pullman, Chicago, Hyde Park Township, Cook County, Illinois, 60628, United States",yes
"41.928431564, -87.699968591","North Francisco Avenue, Maplewood, Logan Square, Chicago, West Chicago Township, Cook County, Illinois, 60618, United States",residential
"41.810879008, -87.726363325","4516, South Karlov Avenue, Archer Heights, Chicago, Lake Township, Cook County, Illinois, 60629, United States",yes
"41.84201118, -87.622036461","200, East 29th Street, South Commons, Chicago, Cook County, Illinois, 60616, United States",house
"41.792981903, -87.724208194","5505, South Komensky Avenue, Elsdon, West Elsdon, Chicago, Lake Township, Cook County, Illinois, 60632, United States",apartments
"41.920801704, -87.694532342","2210, North Milwaukee Avenue, Bucktown, Logan Square, Chicago, West Chicago Township, Cook County, Illinois, 60647, United States",yes
"41.934650448, -87.634647877","Diversey Driving Range, 141, North Lake Shore Drive West, Lake View, Chicago, Lake View Township, Cook County, Illinois, 60657, United States",golf_course
"41.871689474, -87.654092652","1077, West Polk Street, University Village/Little Italy, Near West Side, Chicago, West Chicago Township, Cook County, Illinois, 60607, United States",yes
"41.827437232, -87.632558769","West 37th Street, Armour Square, Chicago, Cook County, Illinois, 60609, United States",parking
"41.915909788, -87.68382594","1851, North Wilmot Avenue, Bucktown, Logan Square, Chicago, West Chicago Township, Cook County, Illinois, 60647, United States",yes
"41.878914496, -87.70589713","151, South Kedzie Avenue, East Garfield Park, Chicago, West Chicago Township, Cook County, Illinois, 60612, United States",house
"41.921019607, -87.710359144","2142-2156, North Spaulding Avenue, Simons, Logan Square, Chicago, Jefferson Township, Cook County, Illinois, 60647, United States",residential
"41.792357223, -87.61793138","5600-5620, South Calumet Avenue, Washington Park, Chicago, Hyde Park Township, Cook County, Illinois, 60637, United States",yes
"41.717493036, -87.648895072","9701, South Carpenter Street, Washington Heights, Chicago, Lake Township, Cook County, Illinois, 60643, United States",yes
"41.957651916, -87.691530248","2472, West Berteau Avenue, Ravenswood Gardens, North Center, Chicago, Jefferson Township, Cook County, Illinois, 60618, United States",yes
"41.777196255, -87.642497527","Kershaw Elementary School, South Lowe Avenue, Becks Park, Englewood, Chicago, Lake Township, Cook County, Illinois, 60621, United States",school
"41.805911699, -87.587479258","4922-H, South Cornell Avenue, Indian Village, Kenwood, Chicago, Hyde Park Township, Cook County, Illinois, 60615, United States",house
"41.817366208, -87.698860797","4177-4197, South Archer Avenue, Brighton Park, Chicago, Lake Township, Cook County, Illinois, 60632, United States",yes
"41.884767784, -87.684147449","2222, West Lake Street, Near West Side, Chicago, West Chicago Township, Cook County, Illinois, 60612, United States",yes
"41.689729914, -87.669054403","11173, South Esmond Street, Morgan Park, Chicago, Lake Township, Cook County, Illinois, 60643, United States",yes
"41.994059824, -87.694630719","2603, West Granville Avenue, West Ridge, Chicago, Jefferson Township, Cook County, Illinois, 60645, United States",yes
"41.929329713, -87.711974254","2633, North Kimball Avenue, Logan Square, Chicago, Jefferson Township, Cook County, Illinois, 60659, United States",residential
"41.965141709, -87.676578071","1910-1912, West Wilson Avenue, West Ravenswood, Lincoln Square, Chicago, Lake View Township, Cook County, Illinois, 60625, United States",yes
"41.744199535, -87.586348318","1540, East 83rd Street, Pierces Park, Avalon Park, Chicago, Hyde Park Township, Cook County, Illinois, 60619, United States",yes
"41.874176625, -87.661861124","1407, West Harrison Street, Near West Side, Chicago, West Chicago Township, Cook County, Illinois, 60607, United States",terrace
"41.985472422, -87.653793529","5506, North Jean Baptiste Point DuSable Lake Shore Drive, Edgewater, Chicago, Lake View Township, Cook County, Illinois, 60660, United States",house
"41.952719111, -87.660503502","Clark & Byron, North Clark Street, Wrigleyville, Lake View, Chicago, Lake View Township, Cook County, Illinois, 60613, United States",bus_stop
"41.935983574, -87.675821928","1901, West Wellington Avenue, Bricktown, North Center, Chicago, Lake View Township, Cook County, Illinois, 60618, United States",yes
"41.94136566, -87.680826903","3259, North Hoyne Avenue, Hamlin Park, North Center, Chicago, Lake View Township, Cook County, Illinois, 60618, United States",yes
"41.937401794, -87.722330298","3105, North Haussen Court, Avondale, Chicago, Jefferson Township, Cook County, Illinois, 60618, United States",yes
"41.745757713, -87.708365704","3447-3457, West Columbus Avenue, Clarkdale, Ashburn, Chicago, Lake Township, Cook County, Illinois, 60652, United States",yes
"41.892276708, -87.679397479","599, North Hoyne Avenue, Ukrainian Village, West Town, Chicago, West Chicago Township, Cook County, Illinois, 60612, United States",house
"41.987225558, -87.664937724","5821-5827, North Glenwood Avenue, Edgewater Glen, Edgewater, Chicago, Lake View Township, Cook County, Illinois, 60660, United States",yes
"41.967011761, -87.670621043","1631-1633, West Leland Avenue, Ravenswood, Uptown, Chicago, Lake View Township, Cook County, Illinois, 60640, United States",yes
"41.769778059, -87.726929842","6751, South Keeler Avenue, West Lawn, Chicago, Lake Township, Cook County, Illinois, 60629, United States",yes
"41.979795551, -87.671445547","1644, West Balmoral Avenue, Summerdale, Edgewater, Chicago, Lake View Township, Cook County, Illinois, 60640, United States",yes
"41.955771787, -87.701213104","2858, West Belle Plaine Avenue, Irving Park, Chicago, Jefferson Township, Cook County, Illinois, 60618, United States",yes
"41.991234532, -87.65730427","6006, North Kenmore Avenue, Edgewater Glen, Edgewater, Chicago, Lake View Township, Cook County, Illinois, 60660, United States",apartments
"41.740205756, -87.615969523","354, East 85th Street, Garden Homes, Chatham, Chicago, Hyde Park Township, Cook County, Illinois, 60619, United States",yes
"41.967288614, -87.652435","849-851, West Leland Avenue, Uptown, Chicago, Lake View Township, Cook County, Illinois, 60640, United States",yes
"41.978294249, -87.716430416","Northeastern Illinois University, 5500, North Saint Louis Avenue, North Park, Chicago, Jefferson Township, Cook County, Illinois, 60625, United States",university
"41.741242728, -87.551428197","Commercial & 85th Street, South Commercial Avenue, The Bush, South Chicago, Chicago, Hyde Park Township, Cook County, Illinois, 60617, United States",bus_stop
"41.979855309, -87.694096022","5401-5403, North Rockwell Street, Bowmanville, Lincoln Square, Chicago, Jefferson Township, Cook County, Illinois, 60645, United States",yes
"41.891948382, -87.689125909","597, North Campbell Avenue, Ukrainian Village, West Town, Chicago, West Chicago Township, Cook County, Illinois, 60612, United States",house
"41.915741193, -87.692256326","1915, North Rockwell Street, Bucktown, Logan Square, Chicago, West Chicago Township, Cook County, Illinois, 60647, United States",yes
"41.892196429, -87.6842894","612, North Oakley Boulevard, Ukrainian Village, West Town, Chicago, West Chicago Township, Cook County, Illinois, 60622, United States",yes
"41.978875058, -87.657871263","5321, North Winthrop Avenue, Edgewater, Chicago, Lake View Township, Cook County, Illinois, 60640, United States",yes
"41.959526791, -87.702098541","4300, North Richmond Street, Irving Park, Chicago, Jefferson Township, Cook County, Illinois, 60625, United States",yes
"41.964506955, -87.70273347","2943, West Wilson Avenue, Ravenswood Manor, Albany Park, Chicago, Jefferson Township, Cook County, Illinois, 60625, United States",yes
"41.935438915, -87.693325868","2950, North Rockwell Street, Maplewood, Avondale, Chicago, West Chicago Township, Cook County, Illinois, 60618, United States",yes
"41.966806346, -87.694020097","4700, North Rockwell Street, Ravenswood Gardens, Lincoln Square, Chicago, Jefferson Township, Cook County, Illinois, 60625, United States",yes
"41.957360691, -87.722822251","4201, North Hamlin Avenue, Irving Park, Chicago, Jefferson Township, Cook County, Illinois, 60625, United States",yes
"41.899445769, -87.68931919","1001-1007, North Campbell Avenue, Ukrainian Village, West Town, Chicago, West Chicago Township, Cook County, Illinois, 60647, United States",yes
"42.005559764, -87.901885838","DHL Global Forwarding, 895, Upper Express Drive, O'Hare, Chicago, Jefferson Township, Cook County, Illinois, 60666, United States",post_depot
"42.015934376, -87.666536278","1405-1407, West Jarvis Avenue, Rogers Park, Chicago, Rogers Park Township, Cook County, Illinois, 60626, United States",yes
"41.878594358, -87.730232428","4157, West Wilcox Street, West Garfield Park, Chicago, West Chicago Township, Cook County, Illinois, 60624, United States",yes
"42.000320306, -87.6631268","6459, North Lakewood Avenue, Rogers Park, Chicago, Rogers Park Township, Cook County, Illinois, 60626, United States",yes
"41.840930806, -87.660617833","2976, South Archer Avenue, Locks, Bridgeport, Chicago, Cook County, Illinois, 60608, United States",yes
"41.950077635, -87.722610871","3801, North Hamlin Avenue, Irving Park, Chicago, Jefferson Township, Cook County, Illinois, 60625, United States",yes
"42.001313249, -87.684198195","Robert A. Black Golf Course, North Hoyne Avenue, Granville Gardens, West Ridge, Chicago, Rogers Park Township, Cook County, Illinois, 60645, United States",golf_course
"41.993440946, -87.657417742","6134, North Kenmore Avenue, Edgewater Glen, Edgewater, Chicago, Lake View Township, Cook County, Illinois, 60660, United States",yes
"41.877383471, -87.680654116","2143, West Jackson Boulevard, Near West Side, Chicago, West Chicago Township, Cook County, Illinois, 60612, United States",yes
"41.856144105, -87.648978324","914, West 19th Place, Pilsen, Lower West Side, Chicago, West Chicago Township, Cook County, Illinois, 60608, United States",yes
"41.834480698, -87.632959635","Turtles Bar and Grill, 238, West 33rd Street, Armour Square, Chicago, Cook County, Illinois, 60616, United States",bar
"41.980606166, -87.654537868","Park Tower Condominiums, 5415, North Sheridan Road, Edgewater, Chicago, Lake View Township, Cook County, Illinois, 60626, United States",apartments
"41.957264108, -87.730898785","4131-4133, West Berteau Avenue, Irving Park, Chicago, Jefferson Township, Cook County, Illinois, 60641, United States",yes
"41.841928026, -87.62836651","2910, South Dearborn Street, Dearborn Homes, Chicago, Cook County, Illinois, 60616, United States",apartments
"42.004517488, -87.663327859","1252-1254, West Columbia Avenue, Rogers Park, Chicago, Rogers Park Township, Cook County, Illinois, 60626, United States",yes
"41.694878966, -87.713192497","10900, South Lawndale Avenue, Mount Greenwood, Chicago, Lake Township, Cook County, Illinois, 60655, United States",yes
"41.933675988, -87.712357476","2865, North Kimball Avenue, Avondale, Chicago, Jefferson Township, Cook County, Illinois, 60659, United States",yes
"41.886005786, -87.671873941","Great Central Brewing, 221, North Wood Street, Near West Side, Chicago, West Chicago Township, Cook County, Illinois, 60612, United States",brewery
"41.841691119, -87.612563947","2921, South Lake Park Avenue, Douglas, Chicago, Cook County, Illinois, 60616, United States",house
"41.935749459, -87.680980301","2958, North Hoyne Avenue, Hamlin Park, North Center, Chicago, Lake View Township, Cook County, Illinois, 60618, United States",yes
"41.707311449, -87.534902901","Gallistel Language Academy, 10347, South Ewing Avenue, East Side, Chicago, Hyde Park Township, Cook County, Illinois, 60617, United States",school
"41.860762262, -87.700691903","South Sacramento Drive, North Lawndale, Chicago, West Chicago Township, Cook County, Illinois, 60623, United States",pitch
"41.706587882, -87.623366512","2, East 103rd Place, Roseland, Chicago, Hyde Park Township, Cook County, Illinois, 60628, United States",yes
"41.949974454, -87.730684255","4121, West Grace Street, Irving Park, Chicago, Jefferson Township, Cook County, Illinois, 60641, United States",yes
"41.963153311, -87.69225876","2529, West Sunnyside Avenue, Ravenswood Gardens, Lincoln Square, Chicago, Jefferson Township, Cook County, Illinois, 60625, United States",house
"42.009018227, -87.672723959","1700, West Lunt Avenue, Rogers Park, Chicago, Rogers Park Township, Cook County, Illinois, 60645, United States",apartments
"41.950404411, -87.702007128","3800, North Richmond Street, Irving Park, Chicago, Jefferson Township, Cook County, Illinois, 60625, United States",yes
"42.009412547, -87.663958214","1300-1308, West Lunt Avenue, Rogers Park, Chicago, Rogers Park Township, Cook County, Illinois, 60645, United States",apartments
"41.982745595, -87.657966347","5531-5539, North Winthrop Avenue, Edgewater, Chicago, Lake View Township, Cook County, Illinois, 60640, United States",apartments
"41.985476499, -87.65839767","1144, West Hollywood Avenue, Edgewater, Chicago, Lake View Township, Cook County, Illinois, 60660, United States",house
"42.004764559, -87.659122427","1114-1116, West Columbia Avenue, Rogers Park, Chicago, Rogers Park Township, Cook County, Illinois, 60626, United States",yes
"41.941311617, -87.685615817","2245, West School Street, Hamlin Park, North Center, Chicago, Lake View Township, Cook County, Illinois, 60618, United States",yes
"41.870268722, -87.684913926","832, South Claremont Avenue, Claremont Cottages, Near West Side, Chicago, West Chicago Township, Cook County, Illinois, 60612, United States",yes
"41.8713514, -87.6886749","2500, West Polk Street, Claremont Cottages, Near West Side, Chicago, West Chicago Township, Cook County, Illinois, 60612, United States",yes
"41.86958386, -87.659204671","1301-1307, West Taylor Street, University Village/Little Italy, Near West Side, Chicago, West Chicago Township, Cook County, Illinois, 60607, United States",yes
"41.790566628, -87.594015444","5715, South Kimbark Avenue, Hyde Park, Chicago, Hyde Park Township, Cook County, Illinois, 60637, United States",residential
"41.834673598, -87.610834737","608, East 33rd Street, Douglas, Chicago, Cook County, Illinois, 60653, United States",yes
"41.964636199, -87.742787877","4602, North Kenton Avenue, Irving Park, Chicago, Jefferson Township, Cook County, Illinois, 60641, United States",yes
"41.673819904, -87.635739777","12109, South Parnell Avenue, Stewart Ridge, West Pullman, Chicago, Lake Township, Cook County, Illinois, 60628, United States",yes
"41.912084382, -87.6945983","1655-1657, North Washtenaw Avenue, West Town, Chicago, West Chicago Township, Cook County, Illinois, 60647, United States",yes
"41.969205937, -87.723168974","4830, North Hamlin Avenue, Albany Park, Chicago, Jefferson Township, Cook County, Illinois, 60625, United States",yes
"41.729676423, -87.572717134","9101, South Clyde Avenue, Pill Hill, Calumet Heights, Chicago, Hyde Park Township, Cook County, Illinois, 60617, United States",yes
"42.006278861, -87.66768361","6825-6831, North Greenview Avenue, Rogers Park, Chicago, Rogers Park Township, Cook County, Illinois, 60626, United States",yes
"41.920960866, -87.715252818","2204, North Drake Avenue, Simons, Logan Square, Chicago, Jefferson Township, Cook County, Illinois, 60647, United States",residential
"41.797153425, -87.582365702","East View Park, Hyde Park, Chicago, Hyde Park Township, Cook County, Illinois, 60615, United States",residential
"41.929297368, -87.798032181","2706, North New England Avenue, Galewood, Beat 2512, Chicago, Jefferson Township, Cook County, Illinois, 60634, United States",yes
"41.99438102, -87.672538401","1717, West Granville Avenue, Edgewater Glen, Edgewater, Chicago, Lake View Township, Cook County, Illinois, 60660, United States",yes
"41.88414467, -87.747874339","181, North Lamon Avenue, Moreland, Austin, Chicago, West Chicago Township, Cook County, Illinois, 60651, United States",yes
"41.950212096, -87.712814232","3420, West Grace Street, Irving Park, Chicago, Jefferson Township, Cook County, Illinois, 60618, United States",yes
"41.990064253, -87.72396783","North Park Village Nature Center, 5801, North Pulaski Road, Brynford Park, North Park, Chicago, Jefferson Township, Cook County, Illinois, 60646, United States",nature_reserve
"41.93749397, -87.709987338","3241, West Barry Avenue, Avondale, Chicago, Jefferson Township, Cook County, Illinois, 60618, United States",yes
"41.788869841, -87.771912186","5954, West 57th Street, Garfield Ridge, Chicago, Lake Township, Cook County, Illinois, 60638, United States",yes
"41.986953058, -87.672080994","5804, North Paulina Street, West Edgewater, Andersonville, Chicago, Lake View Township, Cook County, Illinois, 60660, United States",yes
"41.994266094, -87.678688211","1945, West Granville Avenue, Granville Gardens, West Ridge, Chicago, Lake View Township, Cook County, Illinois, 60645, United States",yes
"41.834962325, -87.625154127","Illinois Institute of Technology, South Michigan Avenue, Bronzeville, Douglas, Chicago, Cook County, Illinois, 60616, United States",university
"41.856309817, -87.644209287","South Union Avenue, Lower West Side, Chicago, West Chicago Township, Cook County, Illinois, 60616, United States",bridge
"42.000874825, -87.701802904","6541-6553, North Francisco Avenue, West Ridge, Chicago, Rogers Park Township, Cook County, Illinois, 60645, United States",yes
"41.690633347, -87.570058269","Big Marsh Park, 11555, South Stony Island Avenue, South Deering, Chicago, Hyde Park Township, Cook County, Illinois, 60617, United States",nature_reserve
"41.970288894, -87.759857019","Kennedy Expressway, Jefferson Park, Chicago, Jefferson Township, Cook County, Illinois, 60630, United States",motorway
"41.91292537, -87.7753675","6020-6024, West Bloomingdale Avenue, Austin, Chicago, Jefferson Township, Cook County, Illinois, 60707, United States",yes
"41.904712, -87.701884559","1360, North Humboldt Drive, West Town, Chicago, West Chicago Township, Cook County, Illinois, 60647, United States",house
"41.828119978, -87.690754177","2623, West 36th Street, Brighton Park, Chicago, Cook County, Illinois, 60632, United States",yes
"41.806021704, -87.594347985","1322, East 49th Street, Indian Village, Kenwood, Chicago, Hyde Park Township, Cook County, Illinois, 60615, United States",yes
"41.994143646, -87.704893486","6200-6208, North Sacramento Avenue, West Ridge, Chicago, Jefferson Township, Cook County, Illinois, 60645, United States",yes
"41.985916382, -87.768970241","5712, North Manton Avenue, Gladstone, Jefferson Park, Chicago, Jefferson Township, Cook County, Illinois, 60646, United States",yes
"42.001315924, -87.693637494","6559, North Maplewood Avenue, West Ridge, Chicago, Rogers Park Township, Cook County, Illinois, 60645, United States",yes
"41.885621155, -87.698891591","258, North Francisco Avenue, East Garfield Park, Chicago, West Chicago Township, Cook County, Illinois, 60612, United States",yes
"41.928464984, -87.695086675","2608-2614, North Washtenaw Avenue, Maplewood, Logan Square, Chicago, West Chicago Township, Cook County, Illinois, 60647, United States",yes
"41.949876432, -87.738141891","4362, West Grace Street, Irving Park, Chicago, Jefferson Township, Cook County, Illinois, 60641, United States",yes
"41.995512991, -87.655814902","Sacred Heart Schools, 6250, North Sheridan Road, Edgewater Glen, Edgewater, Chicago, Lake View Township, Cook County, Illinois, 60660, United States",school
"41.832937181, -87.65358342","3346, South Aberdeen Street, Bridgeport, Chicago, Cook County, Illinois, 60608, United States",yes
"41.790447899, -87.590431128","Blackstone Court, 5724-5732, South Blackstone Avenue, Hyde Park, Chicago, Hyde Park Township, Cook County, Illinois, 60637, United States",residential
"41.797965209, -87.589607031","1455, East 54th Street, Hyde Park, Chicago, Hyde Park Township, Cook County, Illinois, 60615, United States",yes
"41.863118103, -87.672920435","1871, West 14th Street, Illinois Medical District, Near West Side, Chicago, West Chicago Township, Cook County, Illinois, 60608, United States",house
"41.92556723, -87.712327602","2426, North Kimball Avenue, Logan Square, Chicago, Jefferson Township, Cook County, Illinois, 60659, United States",residential
"41.997153943, -87.657498791","Loyola University Chicago, 1032, West Sheridan Road, Rogers Park, Chicago, Rogers Park Township, Cook County, Illinois, 60660, United States",university
"41.897425765, -87.699374404","860, North Francisco Avenue, West Town, Chicago, West Chicago Township, Cook County, Illinois, 60622, United States",yes
"41.891697045, -87.702105247","North Sacramento Boulevard, Humboldt Park, Chicago, West Chicago Township, Cook County, Illinois, 60622, United States",secondary
"41.663670652, -87.540935513","IDNR Burnham Greenway Trail, Hegewisch, Chicago, Hyde Park Township, Cook County, Illinois, 60633, United States",path
"41.980506822, -87.826676182","5599, North Washington Street, Norwood Park Township, Cook County, Illinois, 60656, United States",house
"42.008487008, -87.685913133","6967-6977, North Bell Avenue, West Ridge, Chicago, Rogers Park Township, Cook County, Illinois, 60645, United States",apartments
"41.783034178, -87.582630304","Wooded Island, Moon Bridge, Hyde Park, Chicago, Hyde Park Township, Cook County, Illinois, 60637, United States",nature_reserve
"41.955584115, -87.713090057","4056, North Kimball Avenue, Irving Park, Chicago, Jefferson Township, Cook County, Illinois, 60659, United States",yes
"41.970244982, -87.713435328","4901-4909, North Kimball Avenue, Albany Park, Chicago, Jefferson Township, Cook County, Illinois, 60659, United States",yes
"41.933785052, -87.72205233","2906-2910, North Hamlin Avenue, Avondale, Chicago, Jefferson Township, Cook County, Illinois, 60618, United States",yes
"41.915707408, -87.699596792","1900, North Francisco Avenue, Logan Square, Chicago, West Chicago Township, Cook County, Illinois, 60647, United States",yes
"41.958797863, -87.738393906","4255, North Kostner Avenue, Irving Park, Chicago, Jefferson Township, Cook County, Illinois, 60630, United States",yes
"41.797971191, -87.598944513","1118-1126, East 54th Street, Hyde Park, Chicago, Hyde Park Township, Cook County, Illinois, 60615, United States",yes
"41.801226836, -87.58530316","Hyde Park Tower, 5140, South Hyde Park Boulevard, Hyde Park, Chicago, Hyde Park Township, Cook County, Illinois, 60615, United States",apartments
"41.994225234, -87.686076881","6201-6205, North Bell Avenue, Granville Gardens, West Ridge, Chicago, Lake View Township, Cook County, Illinois, 60645, United States",yes
"41.907965246, -87.694534282","1442, North Washtenaw Avenue, West Town, Chicago, West Chicago Township, Cook County, Illinois, 60647, United States",yes
"41.804147373, -87.73082849","4859, South Kildare Avenue, Archer Heights, Chicago, Lake Township, Cook County, Illinois, 60629, United States",yes
"41.804853522, -87.676967754","2098, West 49th Street, Back of the Yards, New City, Chicago, Lake Township, Cook County, Illinois, 60609, United States",house
"41.960518218, -87.762285982","5358, West Montrose Avenue, Montrose, Portage Park, Chicago, Jefferson Township, Cook County, Illinois, 60630, United States",yes
"41.857666547, -87.692152661","Lagunitas Brewing Company, 1807, South Washtenaw Avenue, North Lawndale, Chicago, West Chicago Township, Cook County, Illinois, 60608, United States",brewery
"41.944946754, -87.685778214","3456, North Oakley Avenue, Bricktown, North Center, Chicago, Lake View Township, Cook County, Illinois, 60618, United States",yes
"42.015719907, -87.68711599","Acero Cruz School, North Ridge Avenue, West Ridge, Chicago, Rogers Park Township, Cook County, Illinois, 60645, United States",school
"41.895257643, -87.733518051","4300-4324, West Chicago Avenue, Humboldt Park, Chicago, West Chicago Township, Cook County, Illinois, 60651, United States",industrial
"41.751337129, -87.726870174","4207, West 78th Street, Ashburn, Chicago, Lake Township, Cook County, Illinois, 60652, United States",yes
"41.949591689, -87.761958275","3816-3824, North Long Avenue, Portage Park, Chicago, Jefferson Township, Cook County, Illinois, 60630, United States",yes
"41.796640334, -87.745282845","5230-5270, South Cicero Avenue, Garfield Ridge, Chicago, Lake Township, Cook County, Illinois, 60638, United States",industrial
"41.769784724, -87.573951955","6900, South Clyde Avenue, South Shore, Chicago, Hyde Park Township, Cook County, Illinois, 60649, United States",yes
"41.97153938, -87.738937205","4955, North Kenneth Avenue, Mayfair, Albany Park, Chicago, Jefferson Township, Cook County, Illinois, 60630, United States",yes
"41.831157182, -87.638333371","Lot G, West 33rd Street, Bridgeport, Chicago, Cook County, Illinois, 60616, United States",parking
"41.964652354, -87.721016769","3717, West Wilson Avenue, Albany Park, Chicago, Jefferson Township, Cook County, Illinois, 60625, United States",yes
"41.915496209, -87.710195634","1859, North Spaulding Avenue, Simons, Logan Square, Chicago, Jefferson Township, Cook County, Illinois, 60647, United States",yes
"41.960675697, -87.752409137","4414-4424, North Lavergne Avenue, Montrose, Portage Park, Chicago, Jefferson Township, Cook County, Illinois, 60630, United States",yes
"41.815268494, -87.741190447","4259, South Kilpatrick Avenue, Sleepy Hollow, Garfield Ridge, Chicago, Lake Township, Cook County, Illinois, 60804, United States",yes
"41.835067917, -87.64316237","3238, South Lowe Avenue, Bridgeport, Chicago, Cook County, Illinois, 60616, United States",yes
"41.971142808, -87.705776701","4929, North Albany Avenue, Albany Park, Chicago, Jefferson Township, Cook County, Illinois, 60625, United States",yes
"41.841875281, -87.632028593","2824-2826, South Wentworth Avenue, Chinatown, Armour Square, Chicago, Cook County, Illinois, 60616, United States",yes
"41.963115755, -87.713229335","4501-4507, North Kimball Avenue, Albany Park, Chicago, Jefferson Township, Cook County, Illinois, 60659, United States",yes
"41.783170859, -87.603558887","6124-6128, South Ingleside Avenue, Woodlawn, Chicago, Hyde Park Township, Cook County, Illinois, 60637, United States",yes
"41.842303942, -87.655516289","2814, South Keeley Street, Locks, Bridgeport, Chicago, Cook County, Illinois, 60608, United States",yes
"41.660136051, -87.60284764","East 130th Street, Philip Murray Homes, Riverdale, Chicago, Hyde Park Township, Cook County, Illinois, 60628, United States",secondary
"41.964647733, -87.725891015","3986, West Wilson Avenue, Albany Park, Chicago, Jefferson Township, Cook County, Illinois, 60625, United States",house
"41.728182061, -87.596475596","Harold Washington Elementary School, 9130, South University Avenue, Burnside, Chicago, Hyde Park Township, Cook County, Illinois, 60619, United States",school
"41.949353232, -87.78151908","3801, North Melvina Avenue, Schorsch, Dunning, Chicago, Jefferson Township, Cook County, Illinois, 60634, United States",house
"41.977002304, -87.761924979","5249, North Lind Avenue, Jefferson Park, Chicago, Jefferson Township, Cook County, Illinois, 60630, United States",yes
"42.008540761, -87.69496375","7000, North Rockwell Street, West Ridge, Chicago, Rogers Park Township, Cook County, Illinois, 60645, United States",yes
"41.959210185, -87.712973172","Kimball & Cullom NB, North Kimball Avenue, Irving Park, Chicago, Jefferson Township, Cook County, Illinois, 60659, United States",bus_stop
"41.853834685, -87.693538797","2026, South Washtenaw Avenue, Bohemian California, South Lawndale, Chicago, West Chicago Township, Cook County, Illinois, 60608, United States",yes
"41.942699578, -87.731002484","4132, West Roscoe Street, Irving Park, Chicago, Jefferson Township, Cook County, Illinois, 60641, United States",yes
"41.827400252, -87.624088952","58, East 37th Street, Bronzeville, Douglas, Chicago, Cook County, Illinois, 60653, United States",yes
"41.942488155, -87.747154322","4810, West Roscoe Street, Portage Park, Chicago, Jefferson Township, Cook County, Illinois, 60641, United States",yes
"41.979204551, -87.797398984","5401-5409, North Newcastle Avenue, Norwood Park, Chicago, Jefferson Township, Cook County, Illinois, 60656, United States",yes
"41.9519781, -87.841558069","Schiller Model Airplane Flying Field, West Irving Park Road, O'Hare, Chicago, Jefferson Township, Cook County, Illinois, 60176, United States",runway
"41.776163693, -87.579948248","Jackson Park Golf Course, 6401, South Richards Drive, Woodlawn, Chicago, Hyde Park Township, Cook County, Illinois, 60649, United States",golf_course
"41.952664895, -87.745243205","North Milwaukee Avenue, Portage Park, Chicago, Jefferson Township, Cook County, Illinois, 60641, United States",parking
"42.016046492, -87.673333778","1718, West Jarvis Avenue, Rogers Park, Chicago, Rogers Park Township, Cook County, Illinois, 60626, United States",yes
"41.965362587, -87.731832739","4642, North Kennicott Avenue, Mayfair, Albany Park, Chicago, Jefferson Township, Cook County, Illinois, 60630, United States",yes
"41.919181737, -87.721248555","3750, West Dickens Avenue, Simons, Logan Square, Chicago, Jefferson Township, Cook County, Illinois, 60647, United States",residential
"41.97681175, -87.701941074","2910, West Farragut Avenue, Bowmanville, Lincoln Square, Chicago, Jefferson Township, Cook County, Illinois, 60625, United States",yes
"41.949473219, -87.771758223","3801, North Menard Avenue, Martin Luther, Portage Park, Chicago, Jefferson Township, Cook County, Illinois, 60634, United States",house
"41.972597767, -87.723781966","5018, North Hamlin Avenue, Albany Park, Chicago, Jefferson Township, Cook County, Illinois, 60625, United States",yes
"41.699756685, -87.628085282","10701, South Wentworth Avenue, West Roseland, Roseland, Chicago, Lake Township, Cook County, Illinois, 60628, United States",yes
"41.856506738, -87.652261296","1017, West 19th Street, Pilsen, Lower West Side, Chicago, West Chicago Township, Cook County, Illinois, 60608, United States",yes
"41.93573609, -87.698946916","2830, West Wellington Avenue, Avondale, Chicago, West Chicago Township, Cook County, Illinois, 60618, United States",yes
"41.776408793, -87.751940269","West 64th Street, Clearing, Chicago, Lake Township, Cook County, Illinois, 60638, United States",pitch
"41.746215584, -87.690340528","8100, South Washtenaw Avenue, Ashburn, Chicago, Lake Township, Cook County, Illinois, 60652, United States",yes
"41.86911914, -87.756067704","SunGate Park, 5420, West Roosevelt Road, Austin, Chicago, West Chicago Township, Cook County, Illinois, 60644, United States",industrial
"41.927819073, -87.751362692","2551-2553, North Lavergne Avenue, Beat 2521, Chicago, Jefferson Township, Cook County, Illinois, 60641, United States",yes
"41.922711759, -87.721835793","3757, West Belden Avenue, Pennock, Logan Square, Chicago, Jefferson Township, Cook County, Illinois, 60647, United States",residential
"41.81749249, -87.686845262","2515, West 42nd Street, South Brighton, Brighton Park, Chicago, Lake Township, Cook County, Illinois, 60632, United States",yes
"41.95679809, -87.772043822","4200, North Menard Avenue, Martin Luther, Portage Park, Chicago, Jefferson Township, Cook County, Illinois, 60630, United States",yes
"41.980843616, -87.736083927","5455, North Kildare Avenue, North Park, Chicago, Jefferson Township, Cook County, Illinois, 60630, United States",yes
"41.782113893, -87.739958858","4698, West 61st Street, Clearing, Chicago, Lake Township, Cook County, Illinois, 60629, United States",house
"41.827613139, -87.604241624","3753, South Lake Park Avenue, Oakland, Chicago, Cook County, Illinois, 60615, United States",yes
"41.9729552, -87.772616911","5034, North Mango Avenue, Colonial Gardens, Jefferson Park, Chicago, Jefferson Township, Cook County, Illinois, 60630, United States",yes
